sid,display_name
3880285,Science | American Association for the Advancement of Science
11296630,The Journal of the Acoustical Society of America | Acoustical Society of America
1980519,The Astrophysical Journal | IOP Publishing
10623703,International Journal of Molecular Sciences | Multidisciplinary Digital Publishing Institute
10134376,Sustainability | Multidisciplinary Digital Publishing Institute
678965,Value in Health | Elsevier BV
6791298,Physical Review B | American Physical Society
8802318,Annals of the New York Academy of Sciences | Wiley
9692511,Frontiers in Psychology | Frontiers Media
3774022,The Journal of Pediatrics | Elsevier BV
3649266,Journal of Magnetism and Magnetic Materials | Elsevier BV
5555990,Journal of Neuroscience | Society for Neuroscience
10719676,Journal of Crystal Growth | Elsevier BV
5382288,International Journal of Cancer | Wiley
10892749,IEEE Transactions on Instrumentation and Measurement | Institute of Electrical and Electronics Engineers
2574783,Gynecologic Oncology | Elsevier BV
815301,Renewable Energy | Elsevier BV
2672396,Journal of Oral and Maxillofacial Surgery | Elsevier BV
5707928,Materials Chemistry and Physics | Elsevier BV
4789869,Contemporary Sociology A Journal of Reviews | SAGE Publishing
3376858,Journal of Vascular and Interventional Radiology | Elsevier BV
2307745,Journal of Lightwave Technology | Institute of Electrical and Electronics Engineers
10936095,IEEE Transactions on Vehicular Technology | Institute of Electrical and Electronics Engineers
1118231,Clinical Nuclear Medicine | Lippincott Williams & Wilkins
3127539,Slavic Review | Cambridge University Press
2312674,"The Journal of Trauma: Injury, Infection, and Critical Care | Lippincott Williams & Wilkins"
9810779,Physics World | IOP Publishing
10542796,European Journal of Cardio-Thoracic Surgery | Oxford University Press
414566,Pattern Recognition | Elsevier BV
6860681,Human Immunology | Elsevier BV
284573,Neurobiology of Aging | Elsevier BV
10169007,Knowledge-Based Systems | Elsevier BV
985303,Technometrics | Taylor & Francis
1605907,The Journal of Maternal-Fetal & Neonatal Medicine | Informa
8962223,Journal of Aircraft | American Institute of Aeronautics and Astronautics
255146,Synthese | Springer Science+Business Media
4954800,Clinical Genetics | Wiley
11146949,Smart Materials and Structures | IOP Publishing
8427965,Biomedical Signal Processing and Control | Elsevier BV
4436492,"Drugs | Adis, Springer Healthcare"
11065456,Concurrency and Computation Practice and Experience | Wiley
6725529,IEEE Software | IEEE Computer Society
3207524,Melanoma Research | Lippincott Williams & Wilkins
920941,Color Research & Application | Wiley
9307485,Prostaglandins Leukotrienes and Essential Fatty Acids | Elsevier BV
2801039,Arquivos Brasileiros de Oftalmologia | Conselho Brasileiro de Oftalmologia
4949901,Steel in Translation | Pleiades Publishing
3113591,Connective Tissue Research | Taylor & Francis
6010938,Journal of Chemical Neuroanatomy | Elsevier BV
9536269,Sociological Methods & Research | SAGE Publishing
14436165,"Reactions Weekly | Adis, Springer Healthcare"
15137598,Journal of Clinical Oncology | Lippincott Williams & Wilkins
24807848,Physical Review Letters | American Physical Society
25293849,The FASEB Journal | Wiley
14544163,Medicine & Science in Sports & Exercise | Lippincott Williams & Wilkins
25650217,Annals of the Rheumatic Diseases | BMJ
13479253,Environmental Science & Technology | American Chemical Society
15239247,International Journal of Environmental Research and Public Health | Multidisciplinary Digital Publishing Institute
11564597,Transplantation | Wolters Kluwer
18714766,Materials | Multidisciplinary Digital Publishing Institute
26125866,Journal of Materials Science | Springer Science+Business Media
16731738,European Journal of Cancer | Elsevier BV
22862804,Physics of Fluids | American Institute of Physics
21442059,Bioresource Technology | Elsevier BV
12279879,World Literature Today | University of Oklahoma
23181512,Nanoscale | Royal Society of Chemistry
13144211,Expert Systems with Applications | Elsevier BV
22881060,Ultrasound in Obstetrics and Gynecology | Wiley
18197459,American Journal of Kidney Diseases | Elsevier BV
16737290,Wear | Elsevier BV
20257348,Journal of Experimental Biology | The Company of Biologists
25652865,MMW - Fortschritte der Medizin | Springer Science+Business Media
14109371,Injury | Elsevier BV
13733787,Ecotoxicology and Environmental Safety | Elsevier BV
18902827,Discrete Mathematics | Elsevier BV
12898181,BMC Health Services Research | BioMed Central
15470582,Epidemiology | Lippincott Williams & Wilkins
13410216,European Journal of Cancer Supplements | Elsevier BV
23629721,International Journal of Advanced Computer Science and Applications | Science and Information Organization
17147534,Journal of Medical Internet Research | JMIR Publications
19572933,Retina | Lippincott Williams & Wilkins
13084425,Médecine et Maladies Infectieuses | Elsevier BV
17239246,Clinical & Experimental Allergy | Wiley
22685659,Journal of Wind Engineering and Industrial Aerodynamics | Elsevier BV
12644804,Tumor Biology | SAGE Publishing
20715302,Materials and Structures | Springer Science+Business Media
11973042,PLANT ARCHIVES | Dr. R.S. Yadav
21837735,"Journal of Laparoendoscopic & Advanced Surgical Techniques | Mary Ann Liebert, Inc."
25675866,International Journal of Environmental Studies | Taylor & Francis
17775143,Fusion Technology | American Nuclear Society
11350316,Wirtschaftsdienst | Springer Science+Business Media
21262371,International journal of greenhouse gas control | Elsevier BV
23327923,Caries Research | Karger Publishers
20152851,International Journal of Educational Development | Elsevier BV
18307414,The International Journal of the History of Sport | Routledge
20677110,Folia Phoniatrica et Logopaedica | Karger Publishers
20709540,Expert Opinion on Drug Safety | Taylor & Francis
16879113,International Journal of Photoenergy | Hindawi Publishing Corporation
13068289,Cultural Diversity & Ethnic Minority Psychology | American Psychological Association
16772596,Journal of Teaching in Physical Education | Human Kinetics
30525748,The Journal of Urology | Lippincott Williams & Wilkins
38008053,The Journal of Immunology | American Association of Immunologists
36000085,Nursing Standard | Royal College of Nursing
38943393,DMW - Deutsche Medizinische Wochenschrift | Thieme Medical Publishers (Germany)
28527816,Gastrointestinal Endoscopy | Elsevier BV
31010182,Review of Scientific Instruments | American Institute of Physics
28966261,Medicine | Wolters Kluwer
29980478,Construction and Building Materials | Elsevier BV
28607811,Journal of Investigative Dermatology | Elsevier BV
34954451,FEMS Microbiology Letters | Oxford University Press
27359860,Vaccine | Elsevier BV
35412551,Physical Review E | American Physical Society
29875816,IEEE Transactions on Power Electronics | Institute of Electrical and Electronics Engineers
27723657,IEEE Photonics Technology Letters | Institute of Electrical and Electronics Engineers
29564236,Journal of Ethnopharmacology | Elsevier BV
26760650,LWT | Elsevier BV
33894392,Archives of Dermatological Research | Springer Science+Business Media
35071406,International Journal of Infectious Diseases | Elsevier BV
31573680,Journal of Parasitology | American Society of Parasitologists
36642063,Journal of Craniofacial Surgery | Lippincott Williams & Wilkins
32635664,International Journal of Dermatology | Wiley
32515731,Archives de Pédiatrie | Elsevier BV
38078933,Nutrition Reviews | Oxford University Press
34136372,American Journal of Physiology-Gastrointestinal and Liver Physiology | American Physiological Society
31777576,Pest Management Science | Wiley
33159018,Current Medicinal Chemistry | Bentham Science Publishers
37976914,JAWRA Journal of the American Water Resources Association | Wiley
28057480,Insects | Multidisciplinary Digital Publishing Institute
28092622,Digestion | Karger Publishers
31525657,Callaloo | Johns Hopkins University Press
39260535,Rock Mechanics and Rock Engineering | Springer Science+Business Media
34881539,IEEE Transactions on Automation Science and Engineering | Institute of Electrical and Electronics Engineers
38112244,Brachytherapy | Elsevier BV
27717133,Survival | Taylor & Francis
27810338,III-Vs Review | Elsevier BV
39012697,Fundamenta Informaticae | IOS Press
30479993,Elektronika ir Elektrotechnika | Kaunas University of Technology
36909964,Environmental Policy and Law | IOS Press
30880287,Studia Logica | Springer Science+Business Media
39019318,The Cartographic Journal | Taylor & Francis
26543813,Multitudes | Association Multitudes
33049603,International Journal of Sports Science & Coaching | SAGE Publishing
29411750,Government and Opposition | Cambridge University Press
35445400,Voprosy filosofii | Russian Academy of Sciences
30638350,Journal of Educational Measurement | Wiley
26443501,Journal of Water and Health | UWA Publishing
27967161,Journal of theoretical and applied electronic commerce research | Multidisciplinary Digital Publishing Institute
30806240,Cartographica The International Journal for Geographic Information and Geovisualization | University of Toronto Press
30338973,Universal Access in the Information Society | Springer Science+Business Media
35909690,Television & New Media | SAGE Publishing
41354064,ChemInform | Wiley
49861241,The Lancet | Elsevier BV
42323631,Applied Surface Science | Elsevier BV
44567922,Chemical Physics Letters | Elsevier BV
41454044,Annals of Oncology | Elsevier BV
50280174,Radiology | Radiological Society of North America
45445671,Fertility and Sterility | Elsevier BV
48860480,International Journal of Hydrogen Energy | Elsevier BV
50016660,American Journal of Ophthalmology | Elsevier BV
50523690,IEEE Transactions on Magnetics | IEEE Magnetics Society
43295729,Remote Sensing | Multidisciplinary Digital Publishing Institute
45720283,British Journal of Dermatology | Oxford University Press
46995015,American Heart Journal | Elsevier BV
44425019,Biochemical Journal | Portland Press
52566953,Water Research | Elsevier BV
44455300,Journal of Environmental Management | Elsevier BV
45693802,Neurocomputing | Elsevier BV
39653451,Planta Medica | Thieme Medical Publishers (Germany)
48277251,Crop Science | Wiley
41026820,International Journal of Gynecological Cancer | BMJ
45696439,Optometry and Vision Science | Lippincott Williams & Wilkins
46732370,EP Europace | Oxford University Press
47192491,Surgical Endoscopy | Springer Science+Business Media
52395412,Bioinformatics | Oxford University Press
40006715,Computer Methods in Applied Mechanics and Engineering | Elsevier BV
48915936,The Journal of Arthroplasty | Elsevier BV
45281609,Experimental Brain Research | Springer Science+Business Media
50004817,Neuromuscular Disorders | Elsevier BV
51360982,Automatica | Elsevier BV
49828768,Journal of Medical Virology | Wiley
45757444,Neuron | Cell Press
49967189,Wireless Personal Communications | Springer Science+Business Media
46544255,PLoS neglected tropical diseases | Public Library of Science
45123234,Inflammatory Bowel Diseases | Oxford University Press
48849333,The Plant Cell | Oxford University Press
44278595,Computers in Biology and Medicine | Elsevier BV
50366009,Urban Studies | SAGE Publishing
52430896,Journal of Optimization Theory and Applications | Springer Science+Business Media
40629775,Journal of American Association for Pediatric Ophthalmology and Strabismus | Elsevier BV
45895958,Cirugía Española | Elsevier BV
49004918,World Journal of Urology | Springer Science+Business Media
44923075,Neuropediatrics | Thieme Medical Publishers (Germany)
41709181,The American Journal of Bioethics | Taylor & Francis
50368787,Electronic Notes in Theoretical Computer Science | Elsevier BV
50222406,IEEE Transactions on Components Packaging and Manufacturing Technology | Institute of Electrical and Electronics Engineers
46578180,Lebende Sprachen | De Gruyter
44433209,Latin American Perspectives | SAGE Publishing
47057106,Journal of Logic and Computation | Oxford University Press
40710572,Topoi | Springer Science+Business Media
44504596,Mycobiology | Taylor & Francis
62468778,New England Journal of Medicine | Massachusetts Medical Society
67425620,Advanced materials research | Trans Tech Publications
60865174,Journal of the American College of Cardiology | Elsevier BV
67716761,Journal of Alloys and Compounds | Elsevier BV
64187185,Nature Communications | Nature Portfolio
66441642,The American Journal of Gastroenterology | Lippincott Williams & Wilkins
67393510,Angewandte Chemie International Edition | Wiley
58727509,Journal of the American Academy of Dermatology | Elsevier BV
61740008,British journal of surgery | Oxford University Press
58516903,Journal of Cleaner Production | Elsevier BV
55626769,Materials Letters | Elsevier BV
54542293,The Journal of Infectious Diseases | Oxford University Press
53450646,Water Science & Technology | Pergamon Press
62966998,British Journal of Cancer | Springer Nature
55107261,British Journal of Pharmacology | Wiley
63023845,Journal of Radioanalytical and Nuclear Chemistry | Springer Science+Business Media
58031724,IEEE Transactions on Industrial Electronics | Institute of Electrical and Electronics Engineers
67869649,Journal of Cardiac Failure | Elsevier BV
68686220,Proceedings of the IEEE | Institute of Electrical and Electronics Engineers
55776271,Viruses | Multidisciplinary Digital Publishing Institute
68497187,Renewable and Sustainable Energy Reviews | Elsevier BV
56953219,Vox Sanguinis | Wiley
68719679,Vision Research | Elsevier BV
63459445,IEEE Transactions on Wireless Communications | Institute of Electrical and Electronics Engineers
61167191,Journal of Cardiovascular Pharmacology | Lippincott Williams & Wilkins
68090385,Allergy | Wiley
61245073,Photochemistry and Photobiology | Wiley
59098468,Bulletin of the Seismological Society of America | Seismological Society of America
66401815,Journal of Food Protection | Elsevier BV
53842986,Materials Characterization | Elsevier BV
61564791,Aerospace Science and Technology | Elsevier BV
63392143,Computer Networks | Elsevier BV
57667410,Annals of Operations Research | Springer Science+Business Media
59604973,IEEE Transactions on Smart Grid | Institute of Electrical and Electronics Engineers
61310614,IEEE Transactions on Information Forensics and Security | Institute of Electrical and Electronics Engineers
61699894,Computers & Geosciences | Elsevier BV
56783896,SANGYO EISEIGAKU ZASSHI | Japan Society for Occupational Health
64511102,Transportation Research Part C Emerging Technologies | Elsevier BV
54222852,International Ophthalmology Clinics | Lippincott Williams & Wilkins
68581467,Geothermics | Elsevier BV
64417657,International Journal of Distributed Sensor Networks | Hindawi Publishing Corporation
62148650,Machine Learning | Springer Science+Business Media
63018980,European Journal of Engineering Education | Taylor & Francis
66039016,ACM SIGCOMM Computer Communication Review | Association for Computing Machinery
61862591,Synchrotron Radiation News | Taylor & Francis
57173539,Teaching Statistics | Wiley
67507294,Peace and Conflict Journal of Peace Psychology | American Psychological Association
53559421,Teachers and Teaching | Taylor & Francis
59003305,The Journal of Architecture | Taylor & Francis
59562046,Journal of Adventure Education & Outdoor Learning | Taylor & Francis
79704628,Neurology | Lippincott Williams & Wilkins
76900504,CHEST Journal | Elsevier BV
77494981,PEDIATRICS | American Academy of Pediatrics
75741262,Langmuir | American Chemical Society
72684844,Journal of Animal Science | Oxford University Press
72350973,Clinical Infectious Diseases | Oxford University Press
79519963,International Affairs | Oxford University Press
69753523,Separation and Purification Technology | Elsevier BV
77056576,The International Journal of Advanced Manufacturing Technology | Springer Science+Business Media
71285955,American Journal of Clinical Nutrition | Elsevier BV
76910236,Ocean Engineering | Elsevier BV
79587146,British Journal of Ophthalmology | BMJ
75069817,Energy Procedia | Elsevier BV
80146597,American Psychologist | American Psychological Association
70979998,Applied Microbiology and Biotechnology | Springer Science+Business Media
69273698,Digestive and Liver Disease | Elsevier BV
73678819,Journal of Minimally Invasive Gynecology | Elsevier BV
71324801,Forests | Multidisciplinary Digital Publishing Institute
80660208,Biological Conservation | Elsevier BV
70695507,Nonlinear Analysis | Elsevier BV
71623918,International Journal of Fatigue | Elsevier BV
69770752,Revista Española de Cardiología | Elsevier BV
71256826,Immunology Letters | Elsevier BV
80731565,Mycoses | Wiley
74082208,Filtration Industry Analyst | Elsevier BV
72159247,Ergonomics | Taylor & Francis
81011612,International Journal of Bifurcation and Chaos | World Scientific
79131028,Trends in Ecology & Evolution | Elsevier BV
68792902,Avian Diseases | American Association of Avian Pathologists
70185877,Journal of Medical Ethics | BMJ
69141925,IEEE Transactions on Mobile Computing | IEEE Computer Society
76547072,Journal of Environmental Radioactivity | Elsevier BV
74845278,Journal of Social History | Oxford University Press
74080386,International Journal of Eating Disorders | Wiley
72372694,Computational Intelligence and Neuroscience | Hindawi Publishing Corporation
81674035,Injury Prevention | BMJ
71642434,Bulletin of the history of medicine | Johns Hopkins University Press
74622277,Journal of surgical education | Elsevier BV
74123199,"Telemedicine Journal and e-Health | Mary Ann Liebert, Inc."
76961920,The Wordsworth Circle | Temple University Press
78118978,Annales de l’institut Fourier | Association of the Annals of the Fourier Institute
77894049,Journal of Computers | Academy Publisher
79925788,International journal of medicinal mushrooms | Begell House
76880069,Implementation Science | BioMed Central
78119372,Physics of Life Reviews | Elsevier BV
72366220,COMBINATORICA | Springer Science+Business Media
76822007,African Security Review | Taylor & Francis
75440718,Legal Information Management | Cambridge University Press
72455244,Leonardo Music Journal | The MIT Press
77494339,Zeitschrift für Theologie und Kirche | Mohr Siebeck Verlag
86852077,The Science of The Total Environment | Elsevier BV
95739953,The Journal of Physical Chemistry C | American Chemical Society
83651209,Journal of Hepatology | Elsevier BV
83853393,International Journal of Biological Macromolecules | Elsevier BV
96615428,Journal of Virology | American Society for Microbiology
87561820,Environmental Science and Pollution Research | Springer Science+Business Media
84339699,Thin Solid Films | Elsevier BV
95522064,Medical Physics | Wiley
87202501,European Psychiatry | Cambridge University Press
86387881,The Laryngoscope | Wiley
93676754,The Modern Language Review | Modern Humanities Research Association
94313546,Colloids and Surfaces A Physicochemical and Engineering Aspects | Elsevier BV
94619837,Small | Wiley
86692366,La Revue de Médecine Interne | Elsevier BV
96410829,The Journal of Cell Biology | Rockefeller University Press
90745127,Journal of Thoracic Oncology | Elsevier BV
86512602,Desalination | Elsevier BV
92766711,Frontiers in Psychiatry | Frontiers Media
91067379,Cardiovascular Research | Oxford University Press
83308807,Religious Studies Review | Wiley
90422530,IEEE Journal on Selected Areas in Communications | Institute of Electrical and Electronics Engineers
82541167,Journal of Modern Optics | Taylor & Francis
96331937,Headache The Journal of Head and Face Pain | Wiley
93909106,Superconductor Science and Technology | IOP Publishing
88577320,Finance research letters | Elsevier BV
94499970,Energy Economics | Elsevier BV
88529193,Journal of Palestine Studies | Taylor & Francis
82299809,Deep Sea Research Part B Oceanographic Literature Review | Elsevier BV
84775595,IEEE Transactions on Visualization and Computer Graphics | Institute of Electrical and Electronics Engineers
89199708,Research on Chemical Intermediates | Springer Science+Business Media
84102376,Neuroendocrinology | Karger Publishers
87865284,Andrologia | Wiley
95928045,Laser & Photonics Review | Wiley
91767247,Briefings in Bioinformatics | Oxford University Press
83891556,International Journal of Technology Assessment in Health Care | Cambridge University Press
92508993,International Journal of Social Psychiatry | SAGE Publishing
92163612,Robotica | Cambridge University Press
94788606,BMC Women s Health | BioMed Central
82595977,BMC Neuroscience | BioMed Central
93373720,Nature reviews. Immunology | Nature Portfolio
88857351,Survey of Ophthalmology | Elsevier BV
82675988,EURASIP Journal on Wireless Communications and Networking | Springer Nature
88154163,Current Organic Chemistry | Bentham Science Publishers
82927919,Revista Española de Investigaciones Sociológicas | Centro de Investigaciones Sociológicas
90310510,Disaster Prevention and Management An International Journal | Emerald Publishing Limited
92417479,Contemporary European History | Cambridge University Press
82172322,International Journal of Continuing Engineering Education and Life-Long Learning | Inderscience Publishers
94074959,Scandinavian Journal of History | Routledge
90526950,Analyses of Social Issues and Public Policy | Wiley
96609033,Artificial Intelligence and Law | Springer Science+Business Media
100460328,Scientific American | Springer Nature
105243760,Applied Physics Letters | American Institute of Physics
98085912,Biophysical Journal | Elsevier BV
101949793,Sensors | Multidisciplinary Digital Publishing Institute
100736837,Plastic & Reconstructive Surgery | Lippincott Williams & Wilkins
96638545,Brain Research | Elsevier BV
108427512,Alzheimer s & Dementia | Wiley
106928643,Ceramics International | Elsevier BV
104920066,The New Scientist | Elsevier BV
105208853,Journal of Chemical Education | American Chemical Society
104875562,Physics Letters A | Elsevier BV
98026630,Food Chemistry | Elsevier BV
104698359,Anesthesia & Analgesia | Lippincott Williams & Wilkins
104135014,Journal of Vascular Surgery | Elsevier BV
98010888,JNCI Journal of the National Cancer Institute | Oxford University Press
105051383,American Journal of Health-System Pharmacy | Oxford University Press
103225281,NeuroImage | Elsevier BV
100767427,Lung Cancer | Elsevier BV
97303050,Kidney International | Elsevier BV
107025856,Journal of Cataract & Refractive Surgery | Lippincott Williams & Wilkins
103482838,Communications of the ACM | Association for Computing Machinery
104415515,Journal of Investigative Medicine | SAGE Publishing
96685181,Theoretical and Applied Genetics | Springer Science+Business Media
104206441,NASSP Bulletin | SAGE Publishing
102439543,Mathematics of Computation | American Mathematical Society
96702057,Micromachines | Multidisciplinary Digital Publishing Institute
104894821,Mathematische Zeitschrift | Springer Science+Business Media
103229351,Leonardo | The MIT Press
100835903,IEEE Transactions on Computer-Aided Design of Integrated Circuits and Systems | Institute of Electrical and Electronics Engineers
102868315,Experimental Parasitology | Elsevier BV
98137347,Conservation Biology | Wiley
99517592,Philosophical Transactions of the Royal Society A Mathematical Physical and Engineering Sciences | Royal Society
99846442,Organic Electronics | Elsevier BV
97130795,IEEE Transactions on Parallel and Distributed Systems | Institute of Electrical and Electronics Engineers
99078529,Chemistry and Physics of Lipids | Elsevier BV
96629499,Ethnic and Racial Studies | Routledge
106137443,Pharmacology | Karger Publishers
107799410,BMC Nursing | BioMed Central
106979888,American Journal of Nephrology | Karger Publishers
96783963,Journal of Sensors | Hindawi Publishing Corporation
107966883,Nutrition Today | Lippincott Williams & Wilkins
106535470,Acta Geotechnica | Springer Science+Business Media
99339964,Journal of the American Pomological Society | American Pomological Society
98984247,Computational Economics | Springer Science+Business Media
102890116,Xenotransplantation | Wiley
105581463,Journal of Bioenergetics and Biomembranes | Springer Science+Business Media
98708256,Comunicar | Grupo Comunicar Ediciones
105046310,ACM Transactions on Design Automation of Electronic Systems | Association for Computing Machinery
104780363,IEEE Transactions on Affective Computing | Institute of Electrical and Electronics Engineers
96708334,Journal of Family Theory & Review | Wiley
111155417,Journal of the American Chemical Society | American Chemical Society
116251202,Circulation | Lippincott Williams & Wilkins
110533041,International Journal of Radiation Oncology*Biology*Physics | Elsevier BV
108732581,Critical Care Medicine | Lippincott Williams & Wilkins
108525051,Journal of Allergy and Clinical Immunology | Elsevier BV
115046667,Archives of Dermatology | American Medical Association
110785341,Nutrients | Multidisciplinary Digital Publishing Institute
111927887,Journal of Physics D Applied Physics | Institute of Physics
115693375,Journal of the American Society of Nephrology | American Society of Nephrology
115629255,French Studies | Oxford University Press
113313948,Advances in Space Research | Elsevier BV
111326731,IEEE Transactions on Geoscience and Remote Sensing | Institute of Electrical and Electronics Engineers
110924429,Archives of Physical Medicine and Rehabilitation | Elsevier BV
111163638,Journal of Molecular and Cellular Cardiology | Elsevier BV
113871862,Journal of Affective Disorders | Elsevier BV
110206669,Multimedia Tools and Applications | Springer Science+Business Media
109302362,Measurement Science and Technology | IOP Publishing
109113098,Ultrasound in Medicine & Biology | Elsevier BV
109682412,Journal of Theoretical Biology | Elsevier BV
112180307,The Spine Journal | Elsevier BV
109369870,The Pediatric Infectious Disease Journal | Lippincott Williams & Wilkins
114499311,Polymer Engineering and Science | Wiley
112674977,Composites Part B Engineering | Elsevier BV
116045149,Journal of Instrumentation | Institute of Physics
111449618,Weather | Wiley
117727964,IEEE Journal of Selected Topics in Applied Earth Observations and Remote Sensing | Institute of Electrical and Electronics Engineers
115516397,Revue économique | Sciences Po
109512841,Trials | Springer Science+Business Media
118719888,Journal of Consulting and Clinical Psychology | American Psychological Association
115004586,Computer Communications | Elsevier BV
116775814,Computers and Electronics in Agriculture | Elsevier BV
113298455,Pediatrics International | Wiley
115173108,IEEE Transactions on Circuits and Systems for Video Technology | Institute of Electrical and Electronics Engineers
117498271,Cancer Chemotherapy and Pharmacology | Springer Science+Business Media
116977442,IEEE Transactions on Circuits and Systems I Regular Papers | Institute of Electrical and Electronics Engineers
114466185,Beton- und Stahlbetonbau | Wiley
117819788,The Russian Review | Wiley
110744938,Journal of Speech Language and Hearing Research | American Speech–Language–Hearing Association
112141509,Advanced Engineering Informatics | Elsevier BV
118082279,International Journal of Urban and Regional Research | Wiley
118216261,Robotics and Computer-Integrated Manufacturing | Elsevier BV
115925768,Journal of Global Optimization | Springer Science+Business Media
112377731,Orbit | Taylor & Francis
117649290,Revue d histoire littéraire de la France | Presses Universitaires De France
112262039,Multimedia Systems | Springer Science+Business Media
111876535,Microcirculation | Wiley
110024640,Climacteric | Taylor & Francis
110451752,Environmental Health and Preventive Medicine | Springer Science+Business Media
115394524,Edinburgh Journal of Botany | Royal Botanic Garden Edinburgh
116734912,Episteme | Cambridge University Press
125754415,Proceedings of the National Academy of Sciences | National Academy of Sciences
128754310,Applied Mechanics and Materials | Trans Tech Publications
122347013,American Journal of Obstetrics and Gynecology | Elsevier BV
124035732,Anesthesiology | Lippincott Williams & Wilkins
129060628,Diabetes | American Diabetes Association
127437062,Journal of Thoracic and Cardiovascular Surgery | Elsevier BV
120348307,Procedia Computer Science | Elsevier BV
129676613,Applied Thermal Engineering | Elsevier BV
123288148,Polymers | Multidisciplinary Digital Publishing Institute
127900037,Human Reproduction | Oxford University Press
126644158,Oncotarget | Impact Journals LLC
119074828,IEEE Transactions on Applied Superconductivity | IEEE Council on Superconductivity
130611943,Social Forces | Oxford University Press
130598054,Biology of Reproduction | Oxford University Press
121725775,Bone | Elsevier BV
127530304,Journal of Materials Processing Technology | Elsevier BV
128634829,Pacing and Clinical Electrophysiology | Wiley
130197424,International Journal of Modern Physics B | World Scientific
129637156,Experimental Eye Research | Elsevier BV
120256695,Atherosclerosis Supplements | Elsevier BV
120382301,Peptides | Elsevier BV
126920919,IEEE Geoscience and Remote Sensing Letters | Institute of Electrical and Electronics Engineers
129135363,International Journal of Psychophysiology | Elsevier BV
127492747,Maturitas | Elsevier BV
126824455,IEEE Transactions on Consumer Electronics | Institute of Electrical and Electronics Engineers
123019304,Neural Networks | Elsevier BV
121799786,Journal of Dental Education | Wiley
121647140,Transplant International | Springer Science+Business Media
122042528,Pediatric Cardiology | Springer Science+Business Media
124424368,Early Human Development | Elsevier BV
125775545,Operations Research | Institute for Operations Research and the Management Sciences
126993733,Journal of Critical Care | Elsevier BV
120324992,OncoTargets and Therapy | Dove Medical Press
121762105,Neuromodulation Technology at the Neural Interface | Elsevier BV
123887920,Cement and Concrete Composites | Elsevier BV
130511131,Water Environment Research | Wiley
123060138,IEEE Electrical Insulation Magazine | Institute of Electrical and Electronics Engineers
130320380,Pediatric Neurosurgery | Karger Publishers
128470386,Zygon® | Wiley
119771102,International Journal of Language & Communication Disorders | Wiley
120049674,Engineering Construction & Architectural Management | Emerald Publishing Limited
124867825,Phlebology The Journal of Venous Disease | SAGE Publishing
127434156,Immunology and Allergy Clinics of North America | Elsevier BV
129922104,International Journal of Sustainability in Higher Education | Emerald Publishing Limited
125685628,Journal of Fusion Energy | Springer Science+Business Media
129109584,South Central Review | Johns Hopkins University Press
127036354,Zoomorphology | Springer Science+Business Media
128256000,Revista Internacional del Trabajo | Wiley
127898559,Bayesian Analysis | International Society for Bayesian Analysis
123680841,TEXTILE | Berg Publishers
137773608,Nature | Nature Portfolio
140251998,Journal of Biological Chemistry | Elsevier BV
143352558,Gastroenterology | Elsevier BV
133942674,Tetrahedron Letters | Elsevier BV
143744711,Japanese Journal of Applied Physics | Institute of Physics
134668137,Nucleic Acids Research | Oxford University Press
144020083,AAPG Bulletin | American Association of Petroleum Geologists
135204980,Advanced Functional Materials | Wiley
137468011,Journal of Vision | Association for Research in Vision and Ophthalmology
141953298,BMJ Case Reports | BMJ
134216166,Water | Multidisciplinary Digital Publishing Institute
132108250,Frontiers in Pharmacology | Frontiers Media
133646729,Microelectronics Reliability | Elsevier BV
139838620,Obstetrics and Gynecology | Lippincott Williams & Wilkins
139340696,Physica C Superconductivity | Elsevier BV
134546602,Thrombosis Research | Elsevier BV
137740113,Journal of the European Academy of Dermatology and Venereology | Wiley
140848990,Pain | Lippincott Williams & Wilkins
137832324,Journal of Advanced Nursing | Wiley
135898356,Journal of Pain and Symptom Management | Elsevier BV
143381477,Environment International | Elsevier BV
141585851,Chemical Geology | Elsevier BV
133811445,Optical and Quantum Electronics | Springer Science+Business Media
132598247,Tijdschrift voor Geneeskunde | Universa BV
132626406,International Journal of Food Microbiology | Elsevier BV
137362610,Journal of Food Engineering | Elsevier BV
133626053,Burns | Elsevier BV
135397728,Dermatology | Karger Publishers
143832381,Journal of Cardiovascular Electrophysiology | Wiley
134627157,Applied Organometallic Chemistry | Wiley
141866484,Cephalalgia | SAGE Publishing
137445289,Cities | Elsevier BV
138151673,Journal of Biogeography | Wiley
134185576,Ecological Engineering | Elsevier BV
131387491,Journal of Wound Ostomy and Continence Nursing | Lippincott Williams & Wilkins
143190592,Radiation Measurements | Elsevier BV
140928716,Precision Engineering | Elsevier BV
137478622,Behavior Research Methods | Springer Science+Business Media
136368880,Journal of Psychopharmacology | SAGE Publishing
141855577,Academic Pediatrics | Elsevier BV
130650480,Journal of Pain Research | Dove Medical Press
136462399,FEMS Immunology & Medical Microbiology | Oxford University Press
134155688,Geofluids | Hindawi Publishing Corporation
139566883,Nurse Education in Practice | Elsevier BV
143715161,Computer-Aided Design and Applications | Taylor & Francis
132261465,IEEE Robotics & Automation Magazine | Institute of Electrical and Electronics Engineers
135086837,Sustainability Science | Springer Science+Business Media
135873401,Teaching in Higher Education | Taylor & Francis
139930977,Journal of Artificial Intelligence Research | AI Access Foundation
133853345,Energy Efficiency | Springer Science+Business Media
151589183,Biochemical and Biophysical Research Communications | Elsevier BV
149937609,Chemical Engineering Journal | Elsevier BV
144507673,Radiotherapy and Oncology | Elsevier BV
145630073,Nuclear Instruments and Methods in Physics Research Section A Accelerators Spectrometers Detectors and Associated Equipment | Elsevier BV
149016011,Electronics Letters | Institution of Engineering and Technology
144860794,The Annals of Thoracic Surgery | Elsevier BV
154732359,Materials Science and Engineering A | Elsevier BV
145089992,Journal of Hazardous Materials | Elsevier BV
145575934,Transportation Research Record Journal of the Transportation Research Board | SAGE Publishing
158228368,Applied and Environmental Microbiology | American Society for Microbiology
149516416,Journal of Nuclear Materials | Elsevier BV
150314616,The Annals of the American Academy of Political and Social Science | SAGE Publishing
156174673,Hepatology | Lippincott Williams & Wilkins
150273397,Journal of the American Dietetic Association | Elsevier BV
153015021,British Journal of Haematology | Wiley
152904045,The Auk | Oxford University Press
151030190,Microchemical Journal | Elsevier BV
147767848,Measurement | Elsevier BV
148709879,Journal of Computational Physics | Elsevier BV
156181945,Biosensors and Bioelectronics | Elsevier BV
156652029,Water Air & Soil Pollution | Springer Science+Business Media
154451576,American Journal of Infection Control | Elsevier BV
147871266,Radiation Physics and Chemistry | Elsevier BV
158079644,Alimentary Pharmacology & Therapeutics | Wiley
147316732,IEEE Communications Letters | IEEE Communications Society
156006901,Gait & Posture | Elsevier BV
147691530,Parkinsonism & Related Disorders | Elsevier BV
144771191,IEEE Transactions on Intelligent Transportation Systems | Institute of Electrical and Electronics Engineers
144187503,BMC Medical Education | BioMed Central
145806103,Cornea | Lippincott Williams & Wilkins
150894996,Journal of science and medicine in sport | Elsevier BV
144352947,Equine Veterinary Journal | Wiley
155209994,Environment Development and Sustainability | Springer Science+Business Media
148561398,Scientometrics | Springer Nature (Netherlands)
156578089,International Journal of Robust and Nonlinear Control | Wiley
146960544,The Brazilian Journal of Infectious Diseases | Elsevier BV
147022693,Philosophical Studies | Springer Science+Business Media
158178784,Welding International | Taylor & Francis
147407642,Glia | Wiley
148599315,International Journal of Hospitality Management | Elsevier BV
145572626,International Review of Financial Analysis | Elsevier BV
154368109,International Journal of Machine Tools and Manufacture | Elsevier BV
145558524,Toxicologic Pathology | SAGE Publishing
158039710,Journal for Healthcare Quality | Lippincott Williams & Wilkins
154084123,Diplomatic History | Oxford University Press
153101029,International Journal of Antennas and Propagation | Hindawi Publishing Corporation
151157582,Journal of Moral Education | Taylor & Francis
144178814,International Review for the Sociology of Sport | SAGE Publishing
154849578,Psychology of Aesthetics Creativity and the Arts | American Psychological Association
150190834,Photonic Network Communications | Springer Science+Business Media
168522863,Cancer Research | American Association for Cancer Research
164001016,ACS Applied Materials & Interfaces | American Chemical Society
167664057,Pediatric Research | Springer Nature
164770093,Fuel | Elsevier BV
169054600,Journal of the Neurological Sciences | Elsevier BV
161085503,American Journal of Roentgenology | American Roentgen Ray Society
168041952,European Neuropsychopharmacology | Elsevier BV
162355128,IEEE Transactions on Electron Devices | Institute of Electrical and Electronics Engineers
168049282,American Journal of Public Health | American Public Health Association
161638509,Journal of the American Veterinary Medical Association | American Veterinary Medical Association
171176648,Psychiatric Services | American Psychiatric Association
165454098,Engineering Structures | Elsevier BV
171076697,Synthetic Metals | Elsevier BV
164692974,IEEE Transactions on Plasma Science | Institute of Electrical and Electronics Engineers
161954266,Journal of Controlled Release | Elsevier BV
158447136,Journal of the European Ceramic Society | Elsevier BV
160877137,Biotechnology Advances | Elsevier BV
159512450,The Journal of Sexual Medicine | Elsevier BV
158377717,International Immunopharmacology | Elsevier BV
171172751,Classical and Quantum Gravity | IOP Publishing
163027424,Movement Disorders | Wiley
166515463,Human Molecular Genetics | Oxford University Press
166040772,Solar Energy Materials and Solar Cells | Elsevier BV
171705774,Academic Emergency Medicine | Wiley
165396890,Clinical Neurology and Neurosurgery | Elsevier BV
166523383,Arquivos de Neuro-Psiquiatria | Thieme Medical Publishers (Germany)
165368631,Neuropsychologia | Elsevier BV
163227809,Studi Francesi | Rosenberg & Sellier
170036492,Plant Cell & Environment | Wiley
170889201,Osteoporosis International | Springer Science+Business Media
167262187,Journal of Chemical Information and Modeling | American Chemical Society
167723465,Psychophysiology | Wiley
168975578,Journal of Microscopy | Wiley
163169856,International Journal for Parasitology | Elsevier BV
162735375,European Neurology | Karger Publishers
161080992,IEEE Aerospace and Electronic Systems Magazine | Institute of Electrical and Electronics Engineers
165362458,Journal of the Society of Architectural Historians | University of California Press
160802874,The French review | American Association of Teachers of French
159051371,Renal Failure | Taylor & Francis
170199316,Géotechnique | ICE Publishing
159637997,Transportation Research Part A Policy and Practice | Elsevier BV
165559636,International Journal of Human-Computer Interaction | Taylor & Francis
165666656,Sustainable Development | Wiley
159672176,Clinics in Plastic Surgery | Elsevier BV
171183513,Current Issues in Tourism | Taylor & Francis
159787512,Journal of Interventional Cardiology | Wiley
159297047,Polymer Science Series D | Pleiades Publishing
168738021,International Journal of Social Robotics | Springer Science+Business Media
164062316,International Journal of Information Security | Springer Science+Business Media
169659577,Professional Development in Education | Taylor & Francis
183492911,"Proceedings of SPIE, the International Society for Optical Engineering/Proceedings of SPIE | SPIE"
172573765,JAMA | American Medical Association
181568219,European Heart Journal | Oxford University Press
173952182,Physics Letters B | Elsevier BV
178776955,Optics Express | Optica Publishing Group
183498172,Journal of the Franklin Institute | Elsevier BV
181332294,Physical Chemistry Chemical Physics | Royal Society of Chemistry
180907581,Physics Today | AIP Publishing
177147899,Journal of Power Sources | Elsevier BV
176204532,BDJ | Springer Nature
182717252,The Quarterly Review of Biology | University of Chicago Press
183652945,HortScience | American Society for Horticultural Science
183149254,Clinical Cancer Research | American Association for Cancer Research
184954342,IEEE Transactions on Automatic Control | Institute of Electrical and Electronics Engineers
181459644,World Journal of Gastroenterology | Baishideng Publishing Group
173943867,Environmental Research | Elsevier BV
184147796,Journal of Algebra | Elsevier BV
175543413,Optical Engineering | SPIE
178362034,Industrial Crops and Products | Elsevier BV
178916657,Computer | IEEE Computer Society
175056054,Energy Policy | Elsevier BV
182625382,American Journal of Transplantation | Elsevier BV
183718435,Sleep Medicine | Elsevier BV
185276071,The Review of English Studies | Oxford University Press
173274907,Muscle & Nerve | Wiley
185347286,Applied Radiation and Isotopes | Elsevier BV
180067919,Acta Psychologica | Elsevier BV
182655450,PROTEOMICS | Wiley
171918450,Biomass and Bioenergy | Elsevier BV
185321339,Journal of the American Society of Echocardiography | Elsevier BV
173657377,Perspectives on Politics | Cambridge University Press
183686791,The Astrophysical Journal Supplement Series | Institute of Physics
182948766,Acta Haematologica | Karger Publishers
172073041,Automation in Construction | Elsevier BV
178493899,Journal of Geotechnical and Geoenvironmental Engineering | American Society of Civil Engineers
180764740,Home Healthcare Now | Lippincott Williams & Wilkins
179906512,Theoretical and Applied Fracture Mechanics | Elsevier BV
179675478,Urologic Clinics of North America | Elsevier BV
176975696,Cahiers d études africaines | Éditions de l'EHESS
172925388,Disaster Medicine and Public Health Preparedness | Cambridge University Press
185414053,Hematology/Oncology Clinics of North America | Elsevier BV
174657117,Research in Astronomy and Astrophysics | IOP Publishing
176166730,Comptes Rendus Chimie | Académie des sciences
173527311,IEEE Transactions on Network and Service Management | Institute of Electrical and Electronics Engineers
174129883,Economic Outlook | Wiley
173117069,Journal of Applied Research in Intellectual Disabilities | Wiley
182504092,Disability and health journal | Elsevier BV
184646200,Steel Construction | Wiley
183739505,Seminars in Cutaneous Medicine and Surgery | Frontline Medical Communications
182681858,International Journal of Nursing Terminologies and Classifications | Wiley
196734849,Scientific Reports | Nature Portfolio
187991544,Journal of Applied Physics | American Institute of Physics
191963794,Analytical Chemistry | American Chemical Society
187216704,AJN American Journal of Nursing | Lippincott Williams & Wilkins
195663288,Monthly Notices of the Royal Astronomical Society | Oxford University Press
186113128,Nephrology Dialysis Transplantation | Oxford University Press
190924190,Journal of Physics Condensed Matter | IOP Publishing
194691280,Annalen der Physik | Wiley
189694085,IEEE Sensors Journal | IEEE Sensors Council
189509794,Journal of Materials Science Materials in Electronics | Springer Science+Business Media
188605413,Carbon | Elsevier BV
186935893,Energy & Fuels | American Chemical Society
191565391,Heart | BMJ
194656152,Digestive Diseases and Sciences | Springer Science+Business Media
192650101,Information Sciences | Elsevier BV
192525298,Isis | University of Chicago Press
195255895,Forest Ecology and Management | Elsevier BV
186746772,Transfusion | Wiley
186546955,Clinical Lymphoma Myeloma & Leukemia | Elsevier BV
191833357,The American Biology Teacher | University of California Press
196647941,IEEE Transactions on Communications | IEEE Communications Society
192268925,IEEE Transactions on Industry Applications | Institute of Electrical and Electronics Engineers
196975874,American Journal of Veterinary Research | American Veterinary Medical Association
191935395,Fusion Engineering and Design | Elsevier BV
189281586,Emerging infectious diseases | Centers for Disease Control and Prevention
189701308,Journal of Chemical Theory and Computation | American Chemical Society
189798733,IEEE Antennas and Wireless Propagation Letters | IEEE Antennas & Propagation Society
186020892,Cement and Concrete Research | Elsevier BV
193475107,Hyperfine Interactions | Springer Science+Business Media
188336720,Accident Analysis & Prevention | Elsevier BV
191336577,Indian Journal of Ophthalmology | Medknow
186278352,Journal of Dermatological Science | Elsevier BV
196623810,Revista Clínica Española | Elsevier BV
191726168,Journal of Dentistry | Elsevier BV
195965714,Occupational Medicine | Oxford University Press
194185345,Resources Policy | Elsevier BV
186178718,Klinische Pädiatrie | Thieme Medical Publishers (Germany)
187175751,Journal of Vibration and Control | SAGE Publishing
186921487,ACM SIGSOFT Software Engineering Notes | Association for Computing Machinery
196139623,Artificial Intelligence | Elsevier BV
186231457,Agroforestry Systems | Springer Science+Business Media
186480540,Psychometrika | Springer Science+Business Media
195136871,Aquaculture International | Springer Science+Business Media
187934678,British Corrosion Journal | Taylor & Francis
192935422,Sport in Society | Taylor & Francis
189852317,Ciência Florestal | Universidade Federal de Santa Maria
192814187,BMJ | BMJ
188121330,"Photomedicine and Laser Surgery | Mary Ann Liebert, Inc."
190846655,The Henry James review | Johns Hopkins University Press
187925018,Globalisation Societies and Education | Taylor & Francis
202381698,PLoS ONE | Public Library of Science
200071133,Blood | Elsevier BV
197437610,The American Historical Review | Oxford University Press
198098182,Energies | Multidisciplinary Digital Publishing Institute
205231332,Astronomy and Astrophysics | EDP Sciences
198339081,Electrochimica Acta | Elsevier BV
196979320,Urology | Elsevier BV
950076683,Acta Physica Sinica | Science Press
206830620,Atherosclerosis | Elsevier BV
205878144,Toxicology Letters | Elsevier BV
205482884,Biological Psychiatry | Elsevier BV
199738284,Journal of Visualized Experiments | MyJOVE
207549998,Clinica Chimica Acta | Elsevier BV
197964821,Journal of Pediatric Gastroenterology and Nutrition | Lippincott Williams & Wilkins
207859457,Military Medicine | Oxford University Press
206811868,Nanotechnology | IOP Publishing
206235894,Thrombosis and Haemostasis | Thieme Medical Publishers (Germany)
207341048,Ophthalmology | Elsevier BV
201595455,Radiation Protection Dosimetry | Oxford University Press
204308127,Ophthalmologica | Karger Publishers
900972176,Engineering Applications of Artificial Intelligence | Elsevier BV
201669150,Journal of Immunological Methods | Elsevier BV
201921491,IEEE Transactions on Power Systems | Institute of Electrical and Electronics Engineers
198573919,Environmental Earth Sciences | Springer Science+Business Media
946213959,Atmosphere | Multidisciplinary Digital Publishing Institute
199944782,IEEE Transactions on Pattern Analysis and Machine Intelligence | IEEE Computer Society
203585231,Current Psychology | Springer Science+Business Media
204463770,Pump Industry Analyst | Elsevier BV
937433771,European Journal of Gastroenterology & Hepatology | Lippincott Williams & Wilkins
197748570,Calcified Tissue International | Springer Science+Business Media
201064403,European Journal of Preventive Cardiology | Oxford University Press
199972112,The International Journal of Neuropsychopharmacology | University of Oxford
202628778,Geotechnical and Geological Engineering | Springer Science+Business Media
205793605,Business Strategy and the Environment | Wiley
204851967,European Journal of Combinatorics | Elsevier BV
962698607,The RUSI Journal | Routledge
205498627,Wireless Networks | Springer Science+Business Media
199507061,Ocular Immunology and Inflammation | Taylor & Francis
948528986,Études théologiques et religieuses | Institut Protestant de Théologie
202580180,Japan focus | None
206024867,Romantisme | Armand Colin
966713004,Campus Legal Advisor | Wiley
198786835,Journal of Curriculum Studies | Taylor & Francis
956135003,Disability Compliance for Higher Education | Wiley
204223317,IEEE Transactions on Services Computing | Institute of Electrical and Electronics Engineers
197286573,New Perspectives Quarterly | Wiley
989758024,Estudios sobre el Mensaje Periodístico | Complutense University of Madrid
204969905,Advances in Cement Research | Thomas Telford Ltd.
204648954,osteuropa | Berliner Wissenschafts-Verlag
966500815,Expressions maghrébines | None
2485537415,IEEE Access | Institute of Electrical and Electronics Engineers
2530005873,MRS Proceedings | Cambridge University Press
2595292759,Frontiers in Immunology | Frontiers Media
2497375143,Energy | Elsevier BV
2596394214,Frontiers in Oncology | Frontiers Media
2735557189,Innovation in Aging | University of Oxford
2493613807,Frontiers in Plant Science | Frontiers Media
2595931848,Frontiers in Public Health | Frontiers Media
2737939966,Foods | Multidisciplinary Digital Publishing Institute
2737465529,JOURNAL OF CLINICAL AND DIAGNOSTIC RESEARCH | JCDR Research and Publications Private Limited
2597401208,Frontiers in Endocrinology | Frontiers Media
2480266640,IEEE Internet of Things Journal | Institute of Electrical and Electronics Engineers
1032301211,Bulletin of the Center for Children's Books./Bulletin of the Center for Children's Books | Johns Hopkins University Press
2735747656,Journal of the Endocrine Society | Endocrine Society
2597340651,Frontiers in Genetics | Frontiers Media
2735554095,Arthropod management tests | Oxford University Press
2737215817,"The international archives of the photogrammetry, remote sensing and spatial information sciences/International archives of the photogrammetry, remote sensing and spatial information sciences | Copernicus Publications"
2736865057,Journal of Marine Science and Engineering | Multidisciplinary Digital Publishing Institute
2596924766,Frontiers in Cell and Developmental Biology | Frontiers Media
2737566431,Antioxidants | Multidisciplinary Digital Publishing Institute
2596117549,Frontiers in Pediatrics | Frontiers Media
2497301991,Nano Energy | Elsevier BV
2738008561,Education Sciences | Multidisciplinary Digital Publishing Institute
2488126895,International Journal of Integrated Care | Ubiquity Press
2596526815,Frontiers in Education | Frontiers Media
2737241975,Horticulturae | Multidisciplinary Digital Publishing Institute
1027468801,The Round Table | Taylor & Francis
2483136528,Human Vaccines & Immunotherapeutics | Taylor & Francis
2500830676,IEEE Wireless Communications Letters | Institute of Electrical and Electronics Engineers
2737791640,Journal of Information Systems Engineering & Management | Lectito Journals
2738269101,Biodiversitas Journal of Biological Diversity | MBI & UNS Solo
2478453819,Journal of Wound Care | Mark Allen Group
2500072609,International Transactions on Electrical Energy Systems | Wiley
2484352698,IEEE Transactions on Network Science and Engineering | Institute of Electrical and Electronics Engineers
2737090608,Batteries | Multidisciplinary Digital Publishing Institute
2595095599,Frontiers in Robotics and AI | Frontiers Media
2484188435,IEEE Transactions on Cognitive Communications and Networking | Institute of Electrical and Electronics Engineers
2736802132,International Journal of Professional Business Review | Tutor Treinamento e Desenvolvimento
2736711335,Revista Brasileira de Educação | National Association of Postgraduate Research in Education
2495878607,Virtual Reality | Springer Science+Business Media
1036286303,Recruiting & Retaining Adult Learners | Wiley
1002628130,Türk Kültürü ve HACI BEKTAŞ VELİ Araştırma Dergisi | Gazi University
2737777163,International Journal of Economics and Financial Issues | EconJournals
2734814886,Digital Scholarship in the Humanities | Oxford University Press
2738068623,Pedagogia Social Revista Interuniversitaria | Sociedad Iberoamericana de Pedagogía Social
2737437775,Revista Trabalho Necessário | Fluminense Federal University
2736969387,Linha D Água | University of São Paulo
2736890154,Prismas - Revista de historia intelectual | National University of Quilmes
2736783777,Estudos Históricos (Rio de Janeiro) | Fundação Getúlio Vargas
2737214079,Bellaterra Journal of Teaching & Learning Language & Literature | Autonomous University of Barcelona
2764696622,AIP conference proceedings | American Institute of Physics
2764375719,Choice Reviews Online | Association of College and Research Libraries
2738950867,"Cureus | Cureus, Inc."
2756445955,Japanese Journal of Radiological Technology | Japan Radiological Society
2764501393,Journal watch | Massachusetts Medical Society
2764566388,International Journal for Research in Applied Science and Engineering Technology | International Journal for Research in Applied Science and Engineering Technology (IJRASET)
2739064124,Research Society and Development | Grupo de Pesquisa Metodologias em Ensino e Aprendizagem em Ciências
2752698192,The Japanese Journal of Urology | Japanese Dermatological Association
2764646681,Nanomaterials | Multidisciplinary Digital Publishing Institute
2738977497,Agronomy | Multidisciplinary Digital Publishing Institute
2764478331,Journal of Building Engineering | Elsevier BV
2764671007,Advances in Clinical Medicine | Hans Publishers
2738397068,Land | Multidisciplinary Digital Publishing Institute
2764603850,Indian Journal of Public Health Research & Development | Institute of Medico-legal Publications Private Limited
2755481371,Pan African Medical Journal | African Field Epidemiology Network
2764477435,Advances in Education | None
2754346785,Prehospital and Disaster Medicine | Cambridge University Press
2755888424,Actas Dermo-Sifiliográficas | Elsevier BV
2764453006,Physical Review Applied | American Physical Society
2764743394,Transportation research procedia | Elsevier BV
2754868259,The Journal of Allergy and Clinical Immunology In Practice | Elsevier BV
2764346760,International Journal of Plant & Soil Science | Sciencedomain International
2764554612,Cancer Management and Research | Dove Medical Press
2764428800,Creative Education Studies | None
2764593084,Energy Research & Social Science | Elsevier BV
2764480972,Journal of Coloproctology | Thieme Medical Publishers (Germany)
2764613355,Journal of Advances in Biology & Biotechnology | Sciencedomain International
2764563877,EUROPEAN RESEARCH STUDIES JOURNAL | University of Piraeus
2764372918,Journal of Image and Graphics | University of Portsmouth
2764493120,JMIR mhealth and uhealth | JMIR Publications
2764747195,Dialogue and Universalism | Philosophy Documentation Center
2764524492,Open Veterinary Journal | University of Tripoli
2738355984,Administrative Sciences | Multidisciplinary Digital Publishing Institute
2764746430,Current Opinion in Psychology | Elsevier BV
2764749963,Sustainable Production and Consumption | Elsevier BV
2764405325,Journal of Aesthetic Nursing | Mark Allen Group
2764674460,Journal of Sustainable Metallurgy | Springer Science+Business Media
2738406816,Actualidades Investigativas en Educación | University of Costa Rica
2764391171,Scalable Computing Practice and Experience | None
2764734948,Controlling & Management Review | Springer Science+Business Media
2738777115,Hipogrifo Revista de literatura y cultural del Siglo de Oro | Instituto de Estudios Auriseculares (IDEA)
2764551270,Journal of University Teaching and Learning Practice | University of Wollongong
2764671667,Asia policy | National Bureau of Asian Research
2764752174,Journal of Austrian studies | Austrian Studies Association
2738919870,Comunicação & Sociedade | Methodist University of São Paulo
2764641819,Journal on European history of law | None
2739351917,Novos Cadernos NAEA | Universidade Federal do Pará
2764429530,Journal of Outdoor and Environmental Education | Springer Science+Business Media
2739053435,"Journal of Perspectives in Applied Academic Practice | Edinburgh Napier University in collaboration with Aston University, the Universities of Dundee and Auckland"
2739009134,Logos Revista de Lingüística Filosofía y Literatura | University of La Serena
4210168594,ECS Meeting Abstracts | Institute of Physics
2898246533,IFAC Proceedings Volumes | Elsevier BV
2898405271,IFAC-PapersOnLine | Elsevier BV
2764830807,The Mathematical Gazette | Cambridge University Press
2764859491,Journal of environmental chemical engineering | Elsevier BV
2764865925,Journal of Energy Storage | Elsevier BV
4210167992,Journal of Physics A Mathematical and General | Institute of Physics
2765010971,Journal of Materials Research and Technology | Elsevier BV
2946866068,Journal of the Korea Academia-Industrial cooperation Society | The Korea Academia-Industrial Cooperation Society
2898565713,Procedia CIRP | Elsevier BV
4210168758,BIO Web of Conferences | EDP Sciences
4210169614,Monatsschrift für Deutsches Recht | Verlag Dr. Otto Schmidt
2898442875,Structures | Elsevier BV
2764867093,WIT transactions on ecology and the environment | WIT Press
2898598332,Hematology Transfusion and Cell Therapy | Elsevier BV
2765017384,Materials Testing | De Gruyter
4210169746,IMF Staff Country Reports | International Monetary Fund
2764915388,Traditional Chinese Medicine | Hans Publishers
2765078954,KnE Social Sciences | Knowledge E
2764855249,Indonesian Journal of Electrical Engineering and Computer Science | Institute of Advanced Engineering and Science (IAES)
2764881959,Case Studies in Construction Materials | Elsevier BV
4210169245,Aerospace | Multidisciplinary Digital Publishing Institute
2764830010,International Journal of Disaster Risk Reduction | Elsevier BV
2764928088,WIT transactions on engineering sciences | WIT Press
2764871139,BMC Psychology | BioMed Central
4210167569,Egyptian Journal of Aquatic Biology and Fisheries | Egyptian Society for the Development of Fisheries and Human Health
2764977280,Journal of Drug Delivery and Therapeutics | Society of Pharmaceutical Tecnocrats
2765003236,Advanced Electronic Materials | Wiley
2765032836,ACI Concrete International | American Concrete Institute
2898247721,Journal of Hydrology Regional Studies | Elsevier BV
2913398011,World Electric Vehicle Journal | Multidisciplinary Digital Publishing Institute
2765058733,Journal of Computational Methods in Sciences and Engineering | IOS Press
2765040861,Journal of Racial and Ethnic Health Disparities | Springer Science+Business Media
4210167830,JURNAL BIOLOGI TROPIS | None
4210168697,Journal of Economic Bussines and Accounting (COSTING) | None
2898421519,Educación Química | CIG Media Group
4210168118,Zeitschrift für das gesamte Bank- und Börsenwesen | University of Zurich
2764773477,The American Journal of Cosmetic Surgery | SAGE Publishing
2764958491,Yaogan jishu yu yingyong | Chinese Academy of Sciences
2765032134,Tarih okulu | Uşak University
2764837548,Emerald Emerging Markets Case Studies | Emerald Publishing Limited
2898182138,The Lancet Planetary Health | Elsevier BV
2764872494,Politics and Governance | Cogitatio
2764965543,Journal of Special Operations Medicine | None
2765061990,Journal of Astronomical Telescopes Instruments and Systems | SPIE
4210169189,Journal Publicuho | None
2914224842,Forum of Mathematics Sigma | Cambridge University Press
4210169554,Homiletic | None
2913448381,Journal of Public Procurement | Emerald Publishing Limited
4210167846,Padjadjaran Journal of Dental Researchers and Students | None
4210174675,"Physical review. B, Condensed matter | American Physical Society"
4210175061,MATEC Web of Conferences | EDP Sciences
4210173111,BJOG An International Journal of Obstetrics & Gynaecology | Wiley
4210177211,C&EN Global Enterprise | American Chemical Society
4210176815,Proceedings of the Human Factors and Ergonomics Society Annual Meeting | SAGE Publishing
4210173306,Surgery | Elsevier BV
4210173141,IEEE Transactions on Image Processing | Institute of Electrical and Electronics Engineers
4210174327,Africa Research Bulletin Political Social and Cultural Series | Wiley
4210169774,IEEE Robotics and Automation Letters | Institute of Electrical and Electronics Engineers
4210173938,Études | None
4210179027,International Journal of Health Sciences | None
4210171399,Indian Journal of Forensic Medicine & Toxicology | Institute of Medico-legal Publications Private Limited
4210172956,Gaceta Sanitaria | Elsevier BV
4210173499,Hereditas | BioMed Central
4210173554,Modern Linguistics | None
4210178106,Syntax Literate Jurnal Ilmiah Indonesia | None
4210178572,Habitus | Black Sea Research Institute of Economics and Innovation
4210173887,International Journal of Academic Research in Progressive Education and Development | Human Resource Management Academic Research Society
4210177528,Ad Hoc Networks | Elsevier BV
4210175227,Journal of Digital Contents Society | Digital Contents Society
4210171363,PROCEEDINGS OF HYDRAULIC ENGINEERING | None
4210170903,INTERNATIONAL JOURNAL OF RESEARCH AND ANALYTICAL REVIEWS | None
4210170147,Revue Défense Nationale | National Defense Studies Committee
4210171352,IEEE Transactions on Circuits and Systems I Fundamental Theory and Applications | Institute of Electrical and Electronics Engineers
4210176328,Nursing in Critical Care | Wiley
4210170742,Jurnal Ilmiah Universitas Batanghari Jambi | None
4210173153,Advances in Philosophy | None
4210172554,Fire | Multidisciplinary Digital Publishing Institute
4210173311,Informatica | Slovenian Society Informatika
4210169980,التصميم الدولية | TechKnowledge General Trading
4210177224,Litera | Aurora Group s.r.o.
4210175118,HOLISTIK JURNAL KESEHATAN | None
4210170699,AI and Ethics | Springer Nature
4210174683,المجلة العربیة للإدارة | Egypts Presidential Specialized Council for Education and Scientific Research
4210170396,Indes | Vandenhoeck & Ruprecht
4210169776,Bulletin of Udmurt University Series History and Philology | None
4210170619,International Journal of Modern Education | None
4210174657,Turkish Studies - Economics Finance Politics | ASOS Eğitim Bilişim Danışmanlık
4210170589,Journal of Accounting and Finance Management | None
4210176804,Nau Literária | Associação Sul-Rio-Grandense de Pesquisadores em História da Educação (ASPHE)
4210172679,Letrônica | Editora da Pontifícia Universidade Católica do Rio Grande do Sul (EDIPUCRS)
4210172822,Ciencia y Desarrollo | None
4210176783,Korean Association for Educational Information and Media | None
4210170762,Detritus | None
4210176644,Bisnis-Net Jurnal Ekonomi dan Bisnis | Universitas Dharmawangsa
4210173558,Review of Ecumenical Studies | De Gruyter
4210170034,Odesa National University Herald Geography and Geology | None
4210175185,e-Makalat Mezhep Araştırmaları Dergisi | None
4210174823,Bisma The Journal of Counseling | Ganesha University of Education
4210179570,Journal of Traditional Building Architecture and Urbanism | None
4210187594,Journal of Physics Conference Series | IOP Publishing
4210186093,E3S Web of Conferences | EDP Sciences
4210182546,Nuclear Physics B - Proceedings Supplements | Elsevier BV
4210180552,TRANSACTIONS OF THE JAPAN SOCIETY OF MECHANICAL ENGINEERS Series C | Japan Society Mechanical Engineers
4210182600,Ciencia Latina Revista Científica Multidisciplinar | Latin American Association for the Advancement of Sciences
4210186290,The proceedings of the JSME annual meeting | Japan Society Mechanical Engineers
4210188060,Canadian Journal of Botany | Canadian Science Publishing
4210180292,International Journal of Social Science and Human Research | None
4210184657,Religions | Multidisciplinary Digital Publishing Institute
4210182531,Jurnal Penelitian Pendidikan IPA | None
4210180562,Advances in Social Sciences | None
4210187631,Critique d’art | OpenEdition Journals
4210185092,Nursing Management | None
4210185480,Deutsche Zeitschrift für Wirtschafts- und Insolvenzrecht | De Gruyter
4210187746,"Ius Canonicum | Universidad de Navarra, Servicio de Publicaciones"
4210187570,Culinary Science & Hospitality Research | Culinary Society of Korea
4210182947,Cuadernos del Centro de Estudios de Diseño y Comunicación | University of Palermo
4210189394,Food Chemistry X | Elsevier BV
4210187660,ACM SIGMETRICS Performance Evaluation Review | Association for Computing Machinery
4210182545,WiSt - Wirtschaftswissenschaftliches Studium | C.H. Beck
4210180384,TNU Journal of Science and Technology | None
4210180255,Frontiers in Sports and Active Living | Frontiers Media
4210188408,Digital Health | SAGE Publishing
4210183893,Proceedings of the ACM on Human-Computer Interaction | Association for Computing Machinery
4210186704,Forschungsjournal Soziale Bewegungen | De Gruyter
4210185570,Revue d économie financière | Association d'économie financière
4210186998,Roczniki Humanistyczne | The Learned Society of the John Paul II Catholic University of Lublin
4210186024,593 Digital Publisher CEIT | None
4210189277,Lex localis - Journal of Local Self-Government | None
4210184207,Vox Patrum | John Paul II Catholic University of Lublin
4210181041,JMM (Jurnal Masyarakat Mandiri) | None
4210181039,MIMBAR AGRIBISNIS Jurnal Pemikiran Masyarakat Ilmiah Berwawasan Agribisnis | None
4210188333,Pena Justisia Media Komunikasi dan Kajian Hukum | None
4210186966,symplokē | None
4210183967,Jesya (Jurnal Ekonomi & Ekonomi Syariah) | None
4210189270,IEE Proceedings - Electric Power Applications | Institution of Engineering and Technology
4210184082,Jurnal Nasional Komputasi dan Teknologi Informasi (JNKTI) | None
4210186962,Revista Austral de Ciencias Sociales | Austral University of Chile
4210182158,REC CardioClinics | Elsevier BV
4210184406,Postdigital Science and Education | Springer Science+Business Media
4210183005,Sophía | Politecnica Salesiana University
4210185842,Management Teaching Review | SAGE Publishing
4210179579,Bulletin of Sumy National Agrarian University The series Veterinary Medicine | None
4210181129,Acotaciones Revista de Investigación y Creación Teatral | None
4210182804,Percées Explorations en arts vivants | Presses de l'Université de Montréal
4210183782,CaLLs (Journal of Culture Arts Literature and Linguistics) | None
4210196743,Acta Horticulturae | International Society for Horticultural Science
4210190737,"Physical review. D. Particles, fields, gravitation, and cosmology/Physical review. D. Particles and fields | American Physical Society"
4210194219,Antarctica A Keystone in a Changing World | United States Department of the Interior
4210194812,Nuclear Physics B | Elsevier BV
4210192535,Archives of Pediatrics and Adolescent Medicine | American Medical Association
4210192031,Mathematics | Multidisciplinary Digital Publishing Institute
4210191137,Buildings | Multidisciplinary Digital Publishing Institute
4210190818,Materials Science and Engineering B | Elsevier BV
4210194858,Sixteenth Century Journal | Truman State University
4210191493,ACS Applied Nano Materials | American Chemical Society
4210194876,Transactions of Nonferrous Metals Society of China | Elsevier BV
4210191041,IEEE Transactions on Cybernetics | Institute of Electrical and Electronics Engineers
4210194710,Behavioral Sciences | Multidisciplinary Digital Publishing Institute
4210190322,Uzhhorod National University Herald Series Law | None
4210191542,Advances in Applied Mathematics | None
4210192951,Recherches sociographiques | Laval University Press
4210192154,Das Historisch-Politische Buch | Duncker & Humblot
4210190517,AI & Society | Springer Nature
4210193350,Drones | Multidisciplinary Digital Publishing Institute
4210190653,Politica | Aarhus University Library
4210194228,Современные наукоемкие технологии (Modern High Technologies) | Academy of Natural Science
4210190811,International Journal of Human-Computer Studies | Elsevier BV
4210189627,Universum Technical sciences | None
4210195431,npj Digital Medicine | Nature Portfolio
4210193419,Bioengineered | Taylor & Francis
4210194109,Journal of Transportation Engineering | American Society of Civil Engineers
4210194165,PREPOTIF Jurnal Kesehatan Masyarakat | Universitas Pahlawan Tuanku Tambusai
4210191986,EDUKATIF JURNAL ILMU PENDIDIKAN | Universitas Pahlawan Tuanku Tambusai
4210192688,Social Humanities and Educational Studies (SHEs) Conference Series | None
4210195560,INFRASTRUCTURE PLANNING REVIEW | None
4210190593,Advanced Quantum Technologies | Wiley
4210195076,Prawo Kanoniczne | Cardinal Stefan Wyszynski University in Warsaw
4210196985,Meat and Muscle Biology | None
4210196574,Jurnal Teknologi Informasi dan Ilmu Komputer | Brawijaya University
4210195673,PRX Quantum | American Physical Society
4210191917,Pedagogy Theory & Practice | None
4210194878,Journal of the Korean Association of Information Education | None
4210190514,Revista Latina de Comunicación Social | University of La Laguna
4210191798,Przegląd Prawa i Administracji | Wrocław University Press
4210193352,JIPI (Jurnal Ilmiah Penelitian dan Pembelajaran Informatika) | STKIP PGRI Tulungagung
4210194762,"Motif Akademi Halk Bilimi Dergisi | Association of Food Technology, Turkey"
4210189903,Klio - Czasopismo Poświęcone Dziejom Polski i Powszechnym | None
4210191687,Diversidade e Educação | Federal University of Rio Grande
4210190778,Russian investigator | None
4210192007,"Gestión en el Tercer Milenio | Universidad Nacional Mayor de San Marcos, Vicerectorado de Investigacion"
4210194443,Jurnal Ilmiah Dikdaya | None
4210193547,Proceedings of the ACM on Measurement and Analysis of Computing Systems | Association for Computing Machinery
4210193251,ACM Transactions on Human-Robot Interaction | Association for Computing Machinery
4210195181,Jurnal Teknologi Sistem Informasi dan Aplikasi | Universitas Pamulang
4210194841,USURJ University of Saskatchewan Undergraduate Research Journal | University of Saskatchewan
4210200754,Angewandte Chemie | Wiley
4210202285,SAE technical papers on CD-ROM/SAE technical paper series | None
4210205812,Applied Sciences | Multidisciplinary Digital Publishing Institute
4210202905,Electronics | Multidisciplinary Digital Publishing Institute
4210198394,International Journal of Research and Innovation in Social Science | None
4210201879,Processes | Multidisciplinary Digital Publishing Institute
4210202797,SHS Web of Conferences | EDP Sciences
4210202585,Agriculture | Multidisciplinary Digital Publishing Institute
4210197898,EKONOMIKA I UPRAVLENIE PROBLEMY RESHENIYA | Publishing House Scientific Library
4210201094,International Journal of Advanced Research in Science Communication and Technology | Shivkrupa Publication's
4210206222,Bulletin of the Atomic Scientists | Taylor & Francis
4210206302,Humanities and Social Sciences Communications | Palgrave Macmillan
4210206853,The Nurse Practitioner | Lippincott Williams & Wilkins
4210199767,the Journal of Academic Social Sciences | None
4210205855,Scientific Papers of Silesian University of Technology Organization and Management Series | Silesian University of Technology
4210205013,Journal of Clinical and Translational Science | Cambridge University Press
4210197684,Open Journal of Legal Science | None
4210200847,International Journal of Scientific Research in Computer Science Engineering and Information Technology | None
4210204166,International Journal of Agriculture Extension and Social Development | None
4210197014,Journal of applied science and environmental management | None
4210197101,Nauchnyi Dialog | None
4210200008,Sel skokhozyaistvennaya Biologiya | Russian Academy of Agricultural Sciences
4210202154,Asian Journal of Education and Social Studies | None
4210202442,The Journal of Social Sciences | None
4210201235,ACS ES&T Water | American Chemical Society
4210203548,Revista Portuguesa de Cardiologia | Elsevier BV
4210205400,Jurnal Obsesi Jurnal Pendidikan Anak Usia Dini | Universitas Pahlawan Tuanku Tambusai
4210197219,IMAPSource Proceedings | International Microelectronics Assembly and Packaging Society
4210204661,El-Mal Jurnal Kajian Ekonomi & Bisnis Islam | None
4210206835,Progress in Additive Manufacturing | Springer Science+Business Media
4210198748,Jurnal Ilmiah Manajemen Ekonomi & Akuntansi (MEA) | None
4210198080,Al-academy | None
4210201422,Jung Journal | Taylor & Francis
4210206696,Journal of Applied Informatics and Computing | Politeknik Negeri Batam
4210202430,Kalam Cendekia Jurnal Ilmiah Kependidikan | None
4210205684,La Palabra y el Hombre revista de la Universidad Veracruzana | Universidad Veracruzana
4210204586,Cahiers de civilisation espagnole contemporaine | Centre de Recherches Ibériques et Ibéro-Américaines
4210198757,Jurnal Agrotek Tropika | None
4210206067,Organicom | School of Communications and Arts of the University of São Paulo
4210206506,International Journal for Educational and Vocational Guidance | Springer Science+Business Media
4210198648,Jurnal JTIK (Jurnal Teknologi Informasi dan Komunikasi) | None
4210197728,Recherches | Presses universitaires de Strasbourg
4210202239,Jurnal Abdimas Kesehatan (JAK) | None
4210201937,Revista Pesquisa Qualitativa | None
4210200763,Librosdelacorte es | Autonomous University of Madrid
4210200581,Церковный историк | None
4210204112,Jurnal Adat dan Budaya Indonesia | Ganesha University of Education
4210198859,LC Revue de recherches sur Le Corbusier | Technical University of Valencia
4210211917,Applied Optics | Optica Publishing Group
4210207214,International Journal For Multidisciplinary Research | None
4210216427,International Journal of Gynecology & Obstetrics | Elsevier BV
4210216311,Materials Research Express | IOP Publishing
4210209736,International Journal of Academic Research in Business and Social Sciences | Human Resource Management Academic Research Society
4210216686,Laser & Optoelectronics Progress | None
4210209777,Applied Mathematics and Nonlinear Sciences | De Gruyter
4210209056,Revue Forestière Française | AgroParisTech
4210209078,IEEE Transactions on Systems Man and Cybernetics Systems | Institute of Electrical and Electronics Engineers
4210209631,Current Digest of the Russian Press The | East View Information Services
4210212157,Frontiers in Sustainable Food Systems | Frontiers Media
4210212079,Korean Circulation Journal | None
4210213485,Plant Science Today | None
4210208960,Cahiers de géographie du Québec | Laval University
4210208665,Anthropos | Nomos
4210212978,Al-Kharaj Jurnal Ekonomi Keuangan & Bisnis Syariah | None
4210211585,Journal of Ayurveda and Integrated Medical Sciences | None
4210216081,Proceedings of the ACM on Programming Languages | Association for Computing Machinery
4210211237,International Journal of Online and Biomedical Engineering (iJOE) | International Association of Online Engineering
4210208829,Jurnal Ilmiah Profesi Pendidikan | None
4210218115,Herald of Khmelnytskyi National University Technical sciences | None
4210210251,IEEE Transactions on Emerging Topics in Computational Intelligence | Institute of Electrical and Electronics Engineers
4210217403,MF Policy Paper | International Monetary Fund
4210210103,E-Jurnal Ekonomi dan Bisnis Universitas Udayana | None
4210210570,Jurnal SOLMA | None
4210210111,Jurnal Onoma Pendidikan Bahasa dan Sastra | Universitas Cokroaminoto Palopo
4210207857,Educación matemática | None
4210213923,Jurnal Aisyah Jurnal Ilmu Kesehatan | None
4210214173,Visnik Nacional noi academii nauk Ukrai ni | None
4210210464,Jurnal Review Pendidikan dan Pengajaran | Universitas Pahlawan Tuanku Tambusai
4210211945,Formación universitaria | SciELO
4210217338,Y HOC TP HO CHI MINH | None
4210214878,Milli Eğitim Dergisi | None
4210214168,Advances in Educational Technology and Psychology | None
4210210296,International Journal of Science and Management Studies (IJSMS) | None
4210216630,G-Couns Jurnal Bimbingan dan Konseling | None
4210213151,Cybersecurity Education Science Technique | None
4210210031,Arbitrazh-civil procedure | None
4210208244,Indonesian Journal of Law and Economics Review | Universitas Muhammadiyah Sidoarjo
4210207514,Христианское чтение | None
4210210785,AVANCA | CINEMA | None
4210216369,European Procurement & Public Private Partnership Law Review | Lexxion Verlag
4210217482,Revista ECO-Pós | None
4210216998,ТРАДИЦИОННАЯ КУЛЬТУРА | None
4210209908,Abusões | Universidade do Estado do Rio de Janeiro
4210214524,Micro and Nano Engineering | Elsevier BV
4210207412,TANGRAM - Revista de Educação Matemática | Federal University of Grande Dourados
4210209713,Revista latinoamericana de educación inclusiva | None
4210217004,Revista del IICE | None
4210207755,Vidya | None
4210223487,Academy of Management Proceedings | Academy of Management
4210220588,European Journal of Public Health | Oxford University Press
4210223820,World Journal of Advanced Research and Reviews | GSC Online Press
4210219382,The Proceedings of the Annual Convention of the Japanese Psychological Association | The Japanese Psychological Association
4210219560,Current Developments in Nutrition | Elsevier BV
4210226234,Vaccines | Multidisciplinary Digital Publishing Institute
4210221379,Korean Journal of Anesthesiology | Korean Society of Anesthesiologists
4210227089,Економіка та суспільство | None
4210222330,Nouvelle revue théologique | None
4210222700,Lectures | OpenEdition Journals
4210222784,Innovate Pedagogy | Black Sea Research Institute of Economics and Innovation
4210224230,Brazilian Journal of Implantology and Health Sciences | None
4210229033,Relations industrielles | Érudit
4210226185,Proceedings of the VLDB Endowment | Association for Computing Machinery
4210219410,Systems | Multidisciplinary Digital Publishing Institute
4210220886,Wohnrechtliche Blätter | Verlag Österreich
4210227743,Academia Open | Universitas Muhammadiyah Sidoarjo
4210219724,International scientific journal Internauka Series Economical Sciences | None
4210223683,Asian Journal of Economics Business and Accounting | Sciencedomain International
4210226432,Quantum | Verein zur Förderung des Open Access Publizierens in den Quantenwissenschaften
4210226504,Taurian Scientific Herald | None
4210222494,Sustainable Futures | Elsevier BV
4210226437,Anuário do Instituto de Geociências | Federal University of Rio de Janeiro
4210220080,Экономика сельского хозяйства России | None
4210223401,Sustainable Development | None
4210225698,Journal of Applied Research | None
4210227144,Вісник Херсонського національного технічного університету | Kherson National Technical University
4210227108,Ecological Sciences | None
4210222313,Leidfaden | Vandenhoeck & Ruprecht
4210224958,JURNAL ILMU KEDOKTERAN DAN KESEHATAN | None
4210226464,Ecologica Montenegrina | Centre for Biodiversity of Montenegro
4210224481,Vivat Academia | Forum XXI
4210226983,Glossa a journal of general linguistics | Ubiquity Press
4210225271,RSUH/RGGU Bulletin Literary Theory Linguistics Cultural Studies Series | Russian State University for the Humanities
4210222687,Вестник ЦНИИТ | None
4210220348,Studia Prawnoustrojowe | None
4210227927,Miscellanea Historico-Iuridica | University of Białystok
4210223383,Iskusstvo Evrazii [The Art of Eurasia] | None
4210228953,Logistique & Management | Taylor & Francis
4210226637,Periódico Técnico e Científico Cidades Verdes | None
4210228812,RUDN Journal of Philosophy | Peoples' Friendship University of Russia
4210226693,Russian judge | None
4210227096,Tropical Animal Science Journal | Bogor Institute of Agriculture
4210219182,Revista Educação e Emancipação | Universidade Federal do Maranhão
4210226558,Aoristo - International Journal of Phenomenology Hermeneutics and Metaphysics | None
4210221288,Turkish Studies - Comparative Religious Studies | ASOS Eğitim Bilişim Danışmanlık
4210229117,Revista perspectivas/Perspectiva | Francisco de Paula Santander University
4210225316,Musical Art and Education | None
4210228531,Journal of Korean Coaching Research | None
4210219506,Equatorial – Revista do Programa de Pós-Graduação em Antropologia Social | None
4210240710,International Journal of Science and Research (IJSR) | None
4210229544,The Proceedings of JSME annual Conference on Robotics and Mechatronics (Robomec) | Japan Society Mechanical Engineers
4210238184,"Revista Ibero-Americana de Humanidades, Ciências e Educação | Arche Scientific and Editorial Consultancy"
4210236697,International Journal of Advanced Biochemistry Research | None
4210229390,British Journal of Urology | Wiley
4210237828,Juridical scientific and electronic journal | Publishing House Helvetica
4210233251,NDT & E International | Elsevier BV
4210231119,Aging | Impact Journals LLC
4210239051,Revista Eletrônica Acervo Saúde | Revista Eletrônica Acervo Saúde
4210239748,International Journal of Research in Agronomy | None
4210239397,JATI (Jurnal Mahasiswa Teknik Informatika) | None
4210240506,Tạp chí Y học Cộng đồng | None
4210234749,JMIR Formative Research | None
4210229292,Canadian-American Slavic Studies | Brill
4210230230,Bulletin of the Altai Academy of Economics and law | Altai Academy of Economics and Law
4210238993,Revista Multidisciplinar do Nordeste Mineiro | None
4210231120,Istoriya | Integration: Education and Science
4210240794,Law and Society | None
4210236440,International Journal of English Literature and Social Sciences | None
4210236372,Jurnal Basicedu | Universitas Pahlawan Tuanku Tambusai
4210237324,Herald of Khmelnytskyi National University Economic sciences | None
4210240564,International Ayurvedic Medical Journal | None
4210239011,World Journal of Advanced Engineering Technology and Sciences | GSC Online Press
4210233319,Méditerranée | Presses Universitaires de Provence
4210234098,RENOTE | Associação Sul-Rio-Grandense de Pesquisadores em História da Educação (ASPHE)
4210232664,npj Computational Materials | Nature Portfolio
4210231234,Archiwa Biblioteki i Muzea Kościelne | John Paul II Catholic University of Lublin
4210238526,Revue européenne de migrations internationales | University of Poitiers
4210235696,RIDE Revista Iberoamericana para la Investigación y el Desarrollo Educativo | None
4210232029,Arts | Multidisciplinary Digital Publishing Institute
4210232963,EKOMBIS REVIEW Jurnal Ilmiah Ekonomi dan Bisnis | None
4210231090,Economic Analysis | West Ukrainian National University
4210234583,Indonesian Journal of Computer Science | None
4210235661,Horizontes Revista de Investigación en Ciencias de la Educación | None
4210238745,Journal of Insects as Food and Feed | None
4210238569,Health Care of the Russian Federation | None
4210240094,Bioscientist Jurnal Ilmiah Biologi | None
4210236477,Administrative law and procedure | None
4210229457,Cadernos de Campo (São Paulo 1991) | None
4210237151,INTECOMS Journal of Information Technology and Computer Science | None
4210238428,Prosiding Seminar Nasional Pembangunan dan Pendidikan Vokasi Pertanian | None
4210230240,Vestnik slavianskikh kul’tur [Bulletin of Slavic Cultures] | None
4210231512,Gelanggang Olahraga Jurnal Pendidikan Jasmani dan Olahraga (JPJO) | None
4210233353,Orbis tertius | National University of La Plata
4210235076,TRADUÇÃO EM REVISTA | None
4210229770,Uniped | Universitetsforlaget
4210234807,JASa (Jurnal Akuntansi Audit dan Sistem Informasi Akuntansi) | None
4210235004,Revista Brasileira de Sociologia - RBS | Sociedade Brasileira de Sociologia
4210232740,Diyalog Interkulturelle Zeitschrift Für Germanistik | None
4393917726,BMJ | None
4220651000,Abstracts with programs - Geological Society of America | Geological Society of America
4306509401,Endocrine Abstracts | Bioscientifica
4306540603,Экономика и предпринимательство | None
4220650854,Proceedings | None
4220651193,"EDULEARN proceedings | International Academy of Technology, Education and Development"
4220650844,International Multidisciplinary Scientific GeoConference SGEM ... | None
7407050898,JACOW | None
4220650861,"INTED proceedings | International Academy of Technology, Education and Development"
4220651900,"ICERI proceedings | International Academy of Technology, Education and Development"
4394735581,Africa Research Bulletin Economic Financial and Technical Series | None
7407050941,PRSM | None
4306499929,AAP News | None
5407051956,Philosophie Magazine | None
4220651959,AHFE international | None
4220651876,Anais ... Encontro Nacional de Engenharia de Produção/Anais do Encontro Nacional de Engenharia de Produção | None
5407000720,Iconic Research and Engineering Journals | None
5406984700,International Journal on Science and Technology | None
4387284301,Optician | Mark Allen Group
4306528913,Russian Journal of Education and Psychology | None
4393920114,Anais do Simpósio Brasileiro de Pesquisa Operacional | None
4387292106,The Thai Journal of Veterinary Medicine | None
4306526848,Revista de la Academia Colombiana de Ciencias Exactas Físicas y Naturales | None
4306537655,مجلة دراسات وأبحاث | None
4306504684,BOLETÍN DE LA BIBLIOTECA DE MENÉNDEZ PELAYO | None
4404663141,Человеческий капитал. | None
4387285449,International Journal of Agriculture and Food Science | None
4387286287,Revista de Contabilidad y Tributación CEF | None
4394735566,Computer law & security review | None
4306507249,CUADERNOS DE DERECHO TRANSNACIONAL | None
4387278410,Jurnal Pendidikan Indonesia | None
4404676297,"Modelirovanie, optimizaciâ i informacionnye tehnologii. | None"
4387284607,ЖУРНАЛ ПРАВОВЫХ И ЭКОНОМИЧЕСКИХ ИССЛЕДОВАНИЙ | None
4387284189,Jurnal Ilmu Administrasi Bisnis | None
4387285560,International Journal of Research in English | None
4306522116,Patrimônio e memória | UNESP
5406987533,PRAWO i WIĘŹ | None
5407054561,Transfer Berufsbildung in Forschung und Praxis | None
4387279341,Cuadernos Fronterizos | Autonomous University of Ciudad Juárez
4394708434,Sozialmagazin | None
4404663242,Enjeux numériques. | None
4387284836,Déméter | University of Lille
4387289423,Afrique en mouvement | None
5407019790,Phenomenology Humanities and Sciences | None
